url_path,views_total,views_unique
/jiyuuchc/lacss,10,4
/jiyuuchc/lacss/blob/60a02c31938cfe347f993a2e8d3f954707ff574b/experiments/livecell/README.md,1,1
/jiyuuchc/lacss/blob/main/images/lacss1.png,1,1
/jiyuuchc/lacss/blob/main/notebooks/demo.ipynb,1,1
/jiyuuchc/lacss/blob/main/requirements.txt,1,1
/jiyuuchc/lacss/commit/60a02c31938cfe347f993a2e8d3f954707ff574b,1,1
/jiyuuchc/lacss/issues/1,1,1
/jiyuuchc/lacss/tree/main/experiments,1,1
/jiyuuchc/lacss/tree/main/images,1,1
/jiyuuchc/lacss/tree/main/lacss,1,1
